{
  "test_roc_auc": 0.8190273874573608,
  "test_accuracy": 0.7903784233594588,
  "test_f1": 0.5050113127063842,
  "cv_time_sec": 45.13698101043701,
  "fit_time_sec": 29.410470247268677
}