{
  "accuracy": 0.7806955287437899,
  "precision": 0.6294820717131474,
  "recall": 0.42245989304812837,
  "f1": 0.5056,
  "roc_auc": 0.8156010230179028,
  "best_f1_threshold": 0.30303030303030304,
  "best_f1_score": 0.6045016077170418
}