{
  "train_total_time_sec": 78.30206418037415,
  "eval_total_time_sec": 6.045568943023682
}