{
  "test_roc_auc": 0.769956229410311,
  "test_accuracy": 0.7284300576358429,
  "test_f1": 0.6054161499983703,
  "cv_time_sec": 3.6440041065216064,
  "fit_time_sec": 2.4912261962890625
}