{
  "accuracy": 0.7267565649396736,
  "precision": 0.4909688013136289,
  "recall": 0.7994652406417112,
  "f1": 0.6083418107833164,
  "roc_auc": 0.7725102689297063,
  "best_f1_threshold": 0.32323232323232326,
  "best_f1_score": 0.610204081632653
}