{
  "train_total_time_sec": 6.140099048614502,
  "eval_total_time_sec": 1.563734769821167
}