{
  "test_roc_auc": 0.816595547908079,
  "test_accuracy": 0.793928141957223,
  "test_f1": 0.5353056128474489,
  "cv_time_sec": 5.718287944793701,
  "fit_time_sec": 1.6233220100402832
}