{
  "accuracy": 0.7856635911994322,
  "precision": 0.6343283582089553,
  "recall": 0.45454545454545453,
  "f1": 0.5295950155763239,
  "roc_auc": 0.8156036063964452,
  "best_f1_threshold": 0.29292929292929293,
  "best_f1_score": 0.6086956521739131
}