{
  "train_total_time_sec": 7.350197792053223,
  "eval_total_time_sec": 1.1267759799957275
}