{
  "accuracy": 0.7835344215755855,
  "precision": 0.6311787072243346,
  "recall": 0.44385026737967914,
  "f1": 0.521193092621664,
  "roc_auc": 0.8163372859025033
}