{
  "test_roc_auc": 0.8163863949702485,
  "test_accuracy": 0.7948154534035407,
  "test_f1": 0.5386564740942367,
  "cv_time_sec": 6.494015216827393,
  "fit_time_sec": 5.498648643493652
}