{
  "accuracy": 0.7835344215755855,
  "precision": 0.6311787072243346,
  "recall": 0.44385026737967914,
  "f1": 0.521193092621664,
  "roc_auc": 0.8150249296029347,
  "best_f1_threshold": 0.2828282828282829,
  "best_f1_score": 0.6068821689259646
}