{
  "train_total_time_sec": 12.023126125335693,
  "eval_total_time_sec": 1.229881763458252
}