{
  "test_roc_auc": 0.8190213808747557,
  "test_accuracy": 0.7917985944860606,
  "test_f1": 0.5240776747713796,
  "cv_time_sec": 0.41393208503723145,
  "fit_time_sec": 1.2369019985198975
}