{
  "accuracy": 0.7835344215755855,
  "precision": 0.6311787072243346,
  "recall": 0.44385026737967914,
  "f1": 0.521193092621664,
  "roc_auc": 0.814361001317523,
  "best_f1_threshold": 0.23232323232323235,
  "best_f1_score": 0.6033966033966034
}