{
  "train_total_time_sec": 1.6573152542114258,
  "eval_total_time_sec": 0.992577075958252
}